{
	"pages": [ //pages数组中第一项表示应用启动页，参考：https://uniapp.dcloud.io/collocation/pages
		
		{
			"path": "pages/index/index",
			"style": {
				"navigationBarTitleText": "uni-app",
				"onReachBottomDistance":50
				// "enablePullDownRefresh": true
			}
		},{
			"path":"pages/index/login",
			"style":{
				"navigationBarTitleText": "登录"
			}
		},
		{
			"path":"pages/message/home",
			"style":{
				"navigationBarTitleText": "聊天列表"
			}
		},
		{
			"path":"pages/index/register",
			"style":{
				"navigationBarTitleText": "注册"
			}
		},
		{
			"path":"pages/message/chat",
			"style":{}
		},	
		{
			"path": "pages/message/good-friend-list",
			"style": {
				"navigationBarTitleText": "好友列表"
			}
		},
		{
			"path": "pages/friend/friendship",
			"style": {
				"navigationBarTitleText": "聊天系列"
			}
		},
		{
			"path": "pages/category/release",
			"style": {
				"navigationBarTitleText": "故事发布"
			}
		},
		{
            "path" : "pages/category/category",
            "style" : {
				"navigationBarTitleText": "分类列表"
			}
		},
		{
            "path" : "pages/category/commentDetails",
            "style" : {
				"navigationBarTitleText": "评论详情",
				"onReachBottomDistance":50,
				"enablePullDownRefresh":true
			}
		},
		{
            "path" : "pages/category/reply",
            "style" : {
				"navigationBarTitleText": "回复",
				"onReachBottomDistance":50,
				"enablePullDownRefresh":true
			}
		},
		
		{
            "path" : "pages/me/personal",
            "style" : {
				"navigationBarTitleText": "个人主页",	
				"backgroundColor":"#ffffff",
				"backgroundColorBottom":"#ffffff",
				"onReachBottomDistance":50,
				"enablePullDownRefresh":true
			}
        }
	    ,{
            "path" : "pages/errands/index",
            "style" : {
				"navigationBarTitleText": "跑腿"
			}
		}
		,{
            "path" : "pages/errands/running",
            "style" : {
				"navigationBarTitleText": "跑腿发布"
			}
        }
        ,{
            "path" : "pages/auction/auction",
            "style" : {
				"navigationBarTitleText": "拍卖城"
			}
        }
        ,{
            "path" : "pages/shopping/shopping",
            "style" : {
				"navigationBarTitleText": "购物城"
			}
        }
    ],
	"permission": {
		"scope.userLocation": {
		  "desc": "你的位置信息将用于小程序位置接口的效果展示" // 高速公路行驶持续后台定位
		}
	},
	"globalStyle": {
		"navigationStyle": "custom",
		"navigationBarTextStyle": "black",
		"navigationBarTitleText": "uni-app",
		"navigationBarBackgroundColor": "#F8F8F8",
		"backgroundColor": "#F8F8F8"
	}
}
